L_x,Gamma,T_in,H_r,F_r,true_regime,t
37.5,1.6,0.3,0.75,28.0,0,0
33.780471707975444,1.2560015893759506,0.3015225597903229,0.7277451773112971,36.78332812898012,0,1
30.27220658649167,1.0803853912862866,0.24952772299830503,0.6317942116604853,38.92007098022679,0,2
27.332925725328785,0.9961067761362384,0.22288593111656924,0.6398402607020648,38.085066294947055,0,3
24.513703906507583,0.8835658381240525,0.14819548934113097,0.6269370509153781,35.68128871912684,0,4
22.043847279502298,0.6829380079650506,0.19153909755389678,0.5330728757308748,32.81039412031686,0,5
19.804249196503243,0.6337282253256279,0.1868266090656331,0.4967920108135402,29.922418326088383,0,6
18.037989036939965,0.49802748988832213,0.13879527952418025,0.3671072311479497,27.35314829173404,0,7
16.34708736251806,0.4119286206395863,0.08013202213315222,0.25342479384341704,24.95964607468289,0,8
14.786704043386598,0.40445475437416784,0.03724069411273923,0.2390524764891104,22.62522703171824,0,9
13.32990249872084,0.43092941901286164,0.04395158825794464,0.26228873959127763,20.416108850372225,0,10
12.025824188717753,0.42941882874478643,-0.034180393325792036,0.20261750613582744,18.36922144078149,0,11
10.759353985021644,0.3374917793104001,0.04466831943502281,0.10701074108271039,16.66893451513884,0,12
9.5151316093579,0.2533795094152626,0.047445774358070354,0.1399971312507003,14.934169336774376,0,13
8.642953171942102,0.18050007577812946,0.018634691801873556,0.19043557468868155,13.367697203649586,0,14
7.651089222414099,0.04009634301106198,-0.029574085514431837,0.20545180950345407,11.959644004417019,0,15
6.9550288355794665,-0.008643373074250747,-0.018098210698864307,0.228790305785392,10.72848442275023,0,16
6.305203475777262,-0.07353946121977827,-0.03407911774325418,0.1685085345134247,9.612959104420858,0,17
5.723380376278094,-0.10944877605708392,-0.029364917677679306,0.18506215773915222,8.816308702929552,0,18
5.217580849547563,-0.1028800080994637,-0.04700604315856548,0.1546266203605505,7.860740857037886,0,19
4.551111517350498,-0.2197179681199844,-0.09122765935961172,0.16650709785155388,7.02491313642366,0,20
4.058184110211509,-0.05683744312338018,-0.09809353878952962,0.2038624206082188,6.195329942052624,0,21
3.631821943403595,-0.14331403214593127,-0.10327396792981419,0.244584956925742,5.4123685159630766,0,22
3.3120821134178215,-0.0980433670908138,-0.1205885895630762,0.09710428417431914,5.022425984602918,0,23
2.927924631169659,-0.06006924089172132,-0.10502535153933491,0.21262303853733094,4.469796228225501,0,24
2.532782418790507,-0.0331312912623315,-0.08142247515602646,0.29371704954671285,3.9838094994175774,0,25
2.315191282826407,0.11816869154897443,-0.13108993085344584,0.2043537104856603,3.402688961887765,0,26
2.04469117422819,-0.037225226939002626,-0.08360159181031213,0.16000991235462259,2.932711276593201,0,27
1.7386641486846166,-0.0002900581531327037,-0.03166307239835561,0.2989470950838646,2.855314968388959,0,28
1.6062386771437547,-0.09920036143334922,-0.1344658177471184,0.28150088971046905,2.3878902012098924,0,29
1.4040790834114107,-0.14552998712432763,-0.12536946393828347,0.3301841925111196,2.1040906348703183,0,30
1.2478076913664007,-0.22726586433825965,-0.1940592755009073,0.24835561475880757,1.8889699597077625,0,31
1.2998199135877488,-0.1801485325402321,-0.12163518688964556,0.1761257369570304,1.7194588077028605,0,32
1.073326246005737,-0.2256488591127726,-0.0006154778411298634,0.08751845681466554,1.7275939714370463,0,33
0.8757009035964606,-0.0986442289584323,0.018705927805098877,0.06361002561611177,1.476860624063587,0,34
0.7226520436938755,-0.03924037446645939,-0.006287957548551992,-0.04270773881536263,1.1453481930516274,0,35
0.6676456310966998,0.12455480734455301,0.0024661780359461595,-0.04664679885815609,1.0499009295936543,0,36
0.7314812421577124,0.1278098363792557,-0.01837612487005424,0.04792038179819533,1.0223518745203322,0,37
0.8119087171415403,0.12696180464455795,-0.07739444147167275,-0.06776200377522329,1.2336210925990914,0,38
0.903084417505716,0.08996561261961418,-0.08726647455187142,0.05796260009493193,1.0880903465253409,0,39
0.7233032738595617,0.1408034501955765,-0.09652475374862633,0.05001771274498508,0.9717650549552455,0,40
0.6847304013534989,0.2604311187976117,-0.0804125379537039,0.09503051355028566,0.6440350572625719,0,41
0.6113855210251373,0.13704342394868282,-0.13170368642044084,0.01242435743444846,0.6704922791204166,0,42
0.6418372231582249,-0.016152361417576006,-0.11436766942026706,-0.027924363698716127,0.7677803402395289,0,43
0.6779292833728628,0.040082036495453006,-0.033773643717697824,-0.03665465075787507,0.7914836566682122,0,44
0.5877504733475266,0.058319410148257214,-0.020892138548888533,-0.11864059193802065,0.8461765515708932,0,45
0.5517982590266645,0.30131890237941067,0.07545714864106161,-0.17147678303078356,0.7588037634476843,0,46
0.3502742329402977,0.1970503656261504,0.08218254098365124,-0.052716511565723004,0.5136569559461338,0,47
0.2498321656394883,-0.04723609219163766,0.06418734003836771,-0.13085651801094408,0.44528048604597026,0,48
0.13716287125878063,-0.04957693378814771,-0.031401560334067984,-0.2312087903008006,0.6389355603637259,0,49
-0.005295673994500552,-0.15181895156538952,0.06421230332208588,0.03125372597753609,0.2316483405817808,0,50
-0.04159100227385355,-0.09489055373653013,0.1429417091437152,-0.05175782467380262,0.11135298009546202,0,51
0.0403018555597062,-0.037180363229388745,0.10698090048496442,-0.05573514462749157,-0.020153625077659595,0,52
0.012454295606269056,-0.058242057745875944,0.10575168690808148,-0.09291575333143895,0.1004339652964108,0,53
0.11248044782762502,-0.03396281631714795,0.11064930489907188,-0.0765842775921225,0.1697842913686777,0,54
0.02907659969057777,0.002781032297755049,0.09250705839050878,0.10082514320930104,0.2214168887422206,0,55
0.06475359497717008,-0.07394184351638497,0.02578563778447683,0.18300931083920113,0.13128971208907825,0,56
0.10629257581861415,-0.23730916568634652,0.06906328532824865,0.19557172748725402,0.02197064938712355,0,57
0.048510837491757844,-0.1753410703977426,0.06339903100667099,0.1467737080496266,0.028486922030668306,0,58
0.01846201592189352,-0.13378365862783437,0.12936574593552833,-0.07763954927132871,0.07467276300657298,0,59
0.034267056466948866,-0.08411671086494926,0.09524612735720044,-0.20808415046434262,0.2025915428467835,0,60
0.2035753722366725,-0.22488534472682065,0.1270079927592458,-0.2073152287538096,0.38805779232574783,0,61
0.07792798394261036,-0.22459816025338522,0.17676926336308424,-0.13375182965679777,0.5426898254024303,0,62
0.1878763744461187,-0.1469997683224198,0.24275367806790377,-0.08124463910235016,0.5622549786308702,0,63
0.139431641648036,-0.11829522148813633,0.17875204553474144,0.008483878748543616,0.2929942911045971,0,64
0.20372351172499856,-0.11961604401543183,0.21586415474393844,0.06745049360973375,0.4800728352852137,0,65
0.25642862966636315,-0.25887766297844117,0.1866127975297558,-0.03507864596711692,0.4594032314528127,0,66
0.381908610027399,-0.1562926324419054,0.1292727403972478,-0.11161581130662365,0.5918499662884329,0,67
0.22206173408654634,-0.19996276531527768,0.12936048512714024,-0.004680792948226861,0.5741054910011169,0,68
-0.029273390181918296,-0.13953167761496005,0.11743890557351232,0.029038932964858086,0.45842627063688113,0,69
-0.23266987884420076,-0.1777122684918266,0.13289155304435857,-0.10126368027688887,0.3077582775911545,0,70
-0.17256722968971483,-0.06639702963371222,0.0883973836029458,-0.022998306643596464,0.16904766515923297,0,71
-0.1320227047070265,-0.03299738591878579,0.0913068595346786,-0.08907614795907948,0.02288474621993018,0,72
-0.13407268748155976,0.010291608404381591,0.1303412487360319,-0.16217913528267192,-0.03312523956733022,0,73
0.027480136032493538,-0.06561095573753206,0.07358779802319204,-0.12491135234942907,0.15675982214864365,0,74
0.02587472798531012,0.07712674666679667,0.10759696138873534,-0.04132727119279833,0.14529675527352856,0,75
0.25605256522138764,0.04504156578017275,-0.005490788581238609,0.09238562298363676,0.15564851126854656,0,76
0.24123535313355218,0.16924039939919955,-0.08494487100443625,-0.019756285132727203,0.04369160334920544,0,77
0.13769818881765458,0.18781800009101896,-0.04854209434326534,0.004913966280811637,-0.08135304108190607,0,78
-0.1070819737273753,0.16508065861640434,-0.06630584470399029,0.04102601240163507,-0.11137314207356404,0,79
-0.08254963314876958,0.21633186836152907,-0.046888574633758034,0.07809780723753987,-0.2800773239313836,0,80
-0.09225581121703846,0.20355969777299543,-0.00023552190683612945,0.03644579851869391,-0.22814723298378367,0,81
-0.10961410928687253,0.16127152637423306,0.04126869282318786,-0.1277369849730688,-0.31773738972322113,0,82
-0.24687123810246736,-0.0962808145667324,0.0024032276766464827,-0.0511764649483506,-0.31081213782223527,0,83
-0.20240510609803541,0.027083057289356713,0.06849914696883348,-0.050054559283156184,-0.1498341476963472,0,84
-0.17295192964482095,-0.060719223686793014,0.0305592317226367,-0.1619903875815472,-0.20178488783425672,0,85
-0.19145840548778179,0.028747161804086103,0.11293061547421948,-0.2515061584261093,-0.10365226610336584,0,86
-0.27636695885475704,0.07190479637979338,0.0928246090829268,-0.3652828238985175,-0.027911614447695396,0,87
-0.30923033425015445,0.007729053085468909,0.028198035428491086,-0.3701387189267147,-0.04189122548441889,0,88
-0.2972317349187795,0.03943589535089668,0.04291036387351434,-0.21636775302398842,-0.18857010966746665,0,89
-0.4151943431114748,0.1402427527054605,0.02118671160382988,-0.09907254956467974,-0.34902718967928487,0,90
-0.38678866182066185,0.15408392920427094,0.11619493421768527,0.07996532420302889,-0.5165388530433207,0,91
-0.3320907363068881,0.23859535557026884,0.059968490473195676,0.09621546186609556,-0.6033840181493866,0,92
-0.26749084153044395,0.11946917163978792,-0.026706103049036256,-0.08213122305580024,-0.6036622717145811,0,93
-0.28660928587133283,0.07222963722894354,0.07336018743832394,0.017025305534037652,-0.6271457609836844,0,94
-0.22317751203910388,0.020687368009569503,0.05033877304372031,0.02963806776784332,-0.4259414647316837,0,95
-0.23478560922359504,0.12396941608156993,-0.012798791028646332,0.02629224394700516,-0.1652610085660482,0,96
-0.18899907403870803,0.24869545432995172,-0.006686927196548362,0.06933641986027825,-0.32295137979248567,0,97
-0.18713992475125768,0.133442896507917,0.015630572014915106,-0.007800289856419368,-0.26282786660058766,0,98
-0.059897231831540915,0.15007960275545243,-0.0005575333046593002,0.029530994169610844,-0.2610455796314938,0,99
0.039647203898128106,-0.055572946079377794,-0.017270997714032496,-0.13357299468235842,-0.182174748413021,0,100
0.17206870648970624,0.042281494029697476,-0.05117248965258811,-0.2364087818569236,-0.18521309891402107,0,101
0.10051228504747217,0.2779807711499831,-0.023287577321095165,-0.2504414230994827,0.04104240892104876,0,102
-0.06563477875671933,0.20655131920772207,-0.01551919439177682,-0.22477209024223382,0.08160091183440583,0,103
-0.02460677825744216,0.24240122313736345,-0.048075505176301575,-0.12372648583789957,0.16323963329334334,0,104
-0.1191610523968392,0.11727147409530295,0.02448277226086626,-0.12294956161457744,0.15258760159278004,0,105
-0.15149851834637368,0.24518531060807863,0.028119130429834917,-0.08630781273886676,0.08768417203404198,0,106
-0.17252571425615346,0.114295304424371,0.0023166243768370093,-0.03890108103136297,-0.252229980095104,0,107
-0.09152605256542597,0.04327387699894102,0.05942926248829475,-0.22538476488932355,-0.19166806149771995,0,108
-0.2510202624322936,-0.04584015118729539,0.06468104604514655,-0.21042287548969188,-0.19896477579420158,0,109
-0.24183672332707032,-0.018625304447206732,0.006492518422573569,-0.12651993040410786,-0.14630593369169645,0,110
-0.1791492572287532,0.039821835495000596,0.020534316252297714,0.05273352476691158,-0.24030682456649125,0,111
-0.19194265333933555,-0.04150419786498729,-0.03354293522686985,-0.05367957646087298,-0.30946991100002696,0,112
-0.1798164261706091,-0.001849055335467746,-0.02696068007203738,-0.10794405371533654,-0.14685565933066858,0,113
-0.08789351632345346,-0.017536527777349282,-0.0563712056966285,-0.05003709306595882,-0.09088013678355293,0,114
-0.22391689063261289,-0.02170407420918738,-0.03650487040931402,-0.11550785388640449,-0.13048318873354317,0,115
-0.34700745009513057,0.11517014692340781,0.03027321329277525,-0.12069321962540909,-0.25807513187631437,0,116
-0.553298901665605,-0.017740141141636648,0.011951481690035728,-0.19077374278825465,-0.3632756093832219,0,117
-0.29823935842424515,-0.13274059191332135,-0.0313558663170282,-0.1471372867609871,-0.13061664846022922,0,118
-0.390652853835811,-0.08792589089562894,0.06347178018167063,-0.26015017133640017,-0.3364344067965168,0,119
-0.39394822909831373,-0.1267958485468257,0.09648523094755239,-0.2069978714770011,-0.5006392665764428,0,120
-0.30301236589840125,-0.16553036000036692,0.14862936408090804,-0.23029515109994456,-0.3843126492872379,0,121
-0.21859796822810798,-0.06440815776661821,0.15319880858800924,-0.3352045668477365,-0.13796718434138938,0,122
-0.3001689765727371,-0.031219322942799124,0.06362822978749512,-0.25592220135408567,-0.2480270887778739,0,123
-0.39841554394151557,0.0448455891468607,0.06807506829683327,-0.2717704592894863,-0.1625320332741551,0,124
-0.40263923170433824,0.04132951817192506,0.07335173248514332,-0.28601357431214214,-0.21399327521684205,0,125
-0.4157205432503769,-0.00603374177548463,0.1326816565770932,-0.3320786938525583,-0.5046374509029652,0,126
-0.21305478942414974,0.24980411475153835,0.09649639451537542,-0.44385550690134057,-0.32990450733290705,0,127
-0.2203716054658017,0.1933411134365819,0.029247425077437952,-0.33978939960604815,-0.1888482141524614,0,128
-0.34777500690115215,0.2342596195905834,0.12837198316543996,-0.2818599510622971,-0.329133033566144,0,129
-0.32719782765178906,0.260646353348852,0.026433764910226254,-0.23206690118601428,-0.4180185366158552,0,130
-0.10969554359100561,0.20413212696602842,0.1066560936769751,-0.29019745985439305,-0.17223088628940358,0,131
-0.06678596285278217,0.08660758313464591,0.1027271681675851,-0.1554702831267939,-0.1290389492599856,0,132
-0.2293036314844803,0.07186016301670443,0.04527875324784926,-0.16264642141342128,-0.18969027397728394,0,133
-0.37693848993758405,-0.10048469536786904,0.06394864463438361,-0.18331988232325094,-0.5117031525873464,0,134
-0.2607602372830122,-0.05817501553526469,0.020581066076433382,-0.2648347145058877,-0.23141656229741353,0,135
-0.19974915129866802,0.18881146506343235,0.03912076808350824,-0.1993899503191611,-0.24911293945999616,0,136
-0.09809664944872212,0.22299826542873286,0.09701252634174701,-0.21517509026865295,-0.21759431515965844,0,137
-0.13619730159504795,0.26862869773232184,0.16028974519557398,-0.22390956798567213,-0.2376374236010996,0,138
-0.09116984904856323,0.2037582430711834,0.1886576584290996,-0.3749435073970585,-0.17645818078876513,0,139
-0.1602944975398515,-0.0588410946281086,0.11783681719916744,-0.399413340703115,-0.043128039454483055,0,140
-0.03296845861983999,-0.07452099555296254,0.052155713121709656,-0.3520459697087924,0.22345010793241113,0,141
-0.12726749436934648,-0.15440033461216301,0.07382447551081567,-0.3240028829051134,0.2633075305243048,0,142
-0.1159054241119415,-0.06107391961138185,0.013211632747485741,-0.2828492801905101,0.16091285490709628,0,143
-0.22590397411116042,-0.20826062645654342,0.04591368858152055,-0.27415506434318204,-0.007764168914761269,0,144
-0.21293147039237761,-0.06421964675313163,-0.07363284631685807,-0.3582460011708345,-0.08265846342729843,0,145
-0.045520436681106946,-0.026328001448232233,-0.026431042735773763,-0.4028868945487245,-0.016093966663517215,0,146
0.003812978659274789,-0.016551368137452744,0.004177623335725418,-0.36552527753166647,0.17361199582909886,0,147
0.01924358928385823,0.06370807599165772,0.044026722632661906,-0.44759675100389146,0.03547593248322389,0,148
0.11749377012062313,0.1729243739191027,-0.012287635058924398,-0.5381960058970359,0.2732881776098518,0,149
0.19882821574361376,0.32674517007466874,0.01500175975321908,-0.4979678608572768,0.28767437098747933,0,150
0.18009052333631784,0.24780692417494277,-0.03755184670360802,-0.26933158687676784,0.4818079495345996,0,151
0.2756863393582289,0.1185508457677886,0.009705341115688881,-0.18314836782295585,0.5158330681373111,0,152
0.37308423212678377,0.16430533318874804,0.04554141199702299,-0.10838657733619475,0.5472176683354683,0,153
0.15741469594268706,0.14802164095149156,0.012266844614923968,-0.19668359889369108,0.5862477305297265,0,154
0.31457276043698873,0.26174045483832903,0.023555494103926825,-0.06306472136129868,0.46123386772395863,0,155
0.3033952120830678,0.11313224956638135,0.04057840003639761,-0.05003543331037648,0.2988028690909165,0,156
0.2679359796931013,0.08818945574574329,0.1255870503642619,0.02800623930104524,0.30044183179563466,0,157
0.26602111270389944,0.0793822751943016,0.10037090508077309,-0.0622287475991536,0.32240732351122503,0,158
0.16480917576825815,-0.05755661997715829,0.11388748719845707,-0.022837837616604836,0.12430145469637482,0,159
0.13605979444191962,0.05064701160940782,0.15318217567945827,0.06219802870437291,0.12121058918310562,0,160
0.03794928220081255,-0.06531992286780941,0.15203055983544114,0.08445468772201747,0.20171700506416396,0,161
0.14415231901493966,-0.0687448000907552,0.07157659871214472,0.04794705055728336,0.22493286512790542,0,162
0.10952876257450529,-0.11622249088490752,0.0756316476151823,0.0013973146719876844,0.16063777939024618,0,163
0.12972116974739872,-0.1389883752650919,0.07876106935027805,0.023071985592799105,0.08964852675155266,0,164
0.06862494038611763,0.02563757501631815,0.011205765391530322,-0.1492597284519073,-0.04131017480232502,0,165
0.06467344100517279,0.02488366656714032,0.003980530773290636,-0.03272077743887922,-0.23704391100242578,0,166
0.09779948434773789,0.1772949367624266,-0.05288617116408994,-0.05885159731501653,-0.15499935028337986,0,167
-0.0014150686947887736,0.11807449574575862,0.02483443355982609,0.09579004437493727,-0.18582251220575935,0,168
0.1892324595811371,0.10392096908235732,0.10953885286770101,0.07587344663391608,-0.008868421169742909,0,169
0.20685666088730686,0.40621819165675727,0.13895846926581634,0.00942873617538989,0.111628287096646,0,170
0.14998774109014204,0.2963104446181228,0.16771352094852393,0.010689847494281427,0.09549408137945362,0,171
0.13638748916765708,0.28552219058594785,0.1688361933065085,-0.14565718729640842,0.18248176771081914,0,172
0.02454679826786131,0.09846394844211454,0.14565528791679336,-0.12000327268271899,0.05753515072613764,0,173
0.10519530420787263,-0.05052316046129335,0.10782946592815021,-0.1511927780286056,0.17337962062447596,0,174
0.12256220225180924,-0.1437339813544538,0.1311040638895836,-0.12649752741811088,0.07700793193089392,0,175
-0.08555316201307481,-0.12340581344421686,0.10432321033351585,-0.11832645793972714,0.06017083411242872,0,176
-0.05444186186074926,-0.010129980442754358,0.03624918004761604,-0.1967017458396262,-0.035636579566371576,0,177
-0.020106008957803644,0.11588425448830336,0.010332306529926588,-0.3712665064132472,-0.08855045609587803,0,178
-0.10139908034162445,0.042728727565536376,-0.011327001616400925,-0.3199153707410517,-0.03128168734256105,0,179
0.013674788746878705,-0.03128231213743096,-0.05308365939620997,-0.24001632946307805,-0.054241473114616856,0,180
0.051276480404191055,-0.01633464694418963,-0.054085744764573146,-0.08175211806093688,-0.015846703496214837,0,181
0.2521786494161798,-0.03642759482537111,-0.11144627764133577,-0.06553077623342907,0.09811777175232457,0,182
0.15178519969321178,0.008739874399983673,-0.07029361989186925,-0.10678519134342396,0.2941411543834251,0,183
0.25235745552600397,0.15105906889631524,-0.03538771514855883,0.016171180498077073,0.08385476039438414,0,184
0.19533105511055732,0.04169968292952532,-0.025179896274362165,-0.03164701050241194,0.1621922339017161,0,185
0.3640154376199065,0.01847275084805869,-0.0014686928619280087,-0.046114445531037204,0.35638220503847323,0,186
0.32821556190152307,0.06053424481816584,0.056972927058862206,0.091671952196264,0.3840749497172641,0,187
0.354348694314931,-0.06363234282311572,0.045742338691017716,0.1549777556014368,0.483777025327159,0,188
0.3400747981629429,0.034551904557146886,0.06479159349778654,0.23085514803399576,0.40616915649260826,0,189
0.27049748678954516,0.06295324456687722,-0.08951311651458663,0.23147483770038027,-0.08388437197270793,0,190
0.07110139737004884,0.09868711797594404,-0.054895075669496474,0.10838880638813637,-0.1363430699632514,0,191
0.20104535649445715,0.03548103712228481,0.06383834903099236,0.09414467330357096,0.06506165179450715,0,192
0.34262826069487223,0.04326159317328404,0.0060605481127332175,0.07312766963856351,0.2265799889572444,0,193
0.17189126940522848,0.011189147063209094,-0.0317763223606666,0.13756969316054501,0.17869044909762696,0,194
0.12642256754994863,-0.0011074180585298986,-0.016807062757078304,0.16903076902485656,0.01058971677445572,0,195
0.009621547532826569,0.1095266161905026,-0.03540705883646544,0.03370940164387526,0.010069467083816043,0,196
0.0549963733828126,-0.05997390196374344,-0.019684126002909266,0.08817382682444137,0.06369347993984963,0,197
0.11269488442067088,-0.19140472647825685,-0.0007700231327503748,0.052501648579628274,0.09887490170355569,0,198
0.18848095692057645,-0.014766566439095324,0.08904088237319763,0.15086106398474902,0.11448624687099196,0,199
0.2049048775311531,0.06413070570519334,0.08441487395338701,0.1417102606996552,0.20712853490350128,0,200
0.1784861251754446,-0.01841759378795181,0.05356143578718764,0.17400075702739942,0.16472885951998323,0,201
0.19465851034473391,0.05135296950045995,0.02839199034784464,0.211880511704222,0.156351551815318,0,202
0.05171135061911267,0.1878805031940154,-5.228568174252615e-05,0.05192841772785842,-0.06726616766694035,0,203
-0.055564300510630805,0.16491575958066643,-0.013738536677245283,0.01823116601198939,-0.0673250919216595,0,204
-0.01602033434029735,0.17178318270799509,0.008401510590458785,0.06515188787060984,-0.3332678241374247,0,205
-0.050862126132713736,-0.07200530114715159,0.009196325659493501,0.05631150466948294,-0.0986071844062916,0,206
0.07298752575266972,-0.040927001149842115,-0.016925287289490713,0.08780389806610919,-0.0738475467901994,0,207
0.06554950803306786,0.06382568071871099,-0.042782820114223005,0.1408436824569151,0.0012158418988987008,0,208
-0.036484624483321085,0.15164124143264443,-0.0027205644319409916,0.1306880747273287,-0.19893126431236546,0,209
-0.118756763892546,0.07512879752744553,0.02473562646448993,0.03724861162066412,-0.17628222592547724,0,210
-0.23105664039113066,0.0434526194544438,0.02724973901745157,0.22801670371469115,-0.4918547941107764,0,211
-0.06074951970300424,0.051918967935005236,0.044538366236155535,0.20784236530283767,-0.34269201552960454,0,212
-0.07004307816890559,0.18953614089050028,0.016370205076580754,0.2714016235878086,-0.450234366206612,0,213
-0.06906395499214374,0.053909464527903295,0.03715696648476706,0.3517294890755162,-0.4380622045684695,0,214
-0.08184612936332032,-0.06563865145807489,0.02123349782897961,0.17858111471797686,-0.41935204196021003,0,215
-0.05098291181607474,0.07610846603477597,0.1591460211509772,0.10843876299896779,-0.16804208859683326,0,216
-0.02150937259430248,0.04956743145492199,0.16167822119916755,0.09929504250349871,-0.1426262789910826,0,217
-0.06019175161753916,-0.09767864924320138,0.06509557452916336,0.13864627764054205,-0.16727229091964646,0,218
-0.11378146642140191,-0.08217628918440582,0.09703071823144513,0.13505137698938344,-0.25825632965933293,0,219
0.02022597578563326,0.08806870449141826,0.11011486480981439,0.19538777888829081,-0.09534970500108386,0,220
0.1312133098475213,0.13626831652896787,0.1268184333863808,0.21156021350053322,-0.19106388342088504,0,221
0.18816429454872774,-0.01975332806303272,0.07187024862376235,0.2883425911701109,0.010794042693952094,0,222
0.3180876940624412,-0.043957767222307036,0.005633376725072484,0.23162307855236908,0.15879963566048674,0,223
0.2941777962901981,0.0760039457367092,-0.013106149732108493,0.22967483608479503,0.07179044213499064,0,224
0.30979174446555957,0.0649142088947665,-0.049024078678481346,0.18095075841978345,0.14247730150552151,0,225
0.251797057085294,0.23231120178731987,-0.04806348935245757,0.13791547101102458,-0.08710805398915344,0,226
0.13719661617881684,0.1711571790735866,-0.07658850443899481,0.23052306724981514,-0.10756655383102884,0,227
0.2523213794927604,0.1516540656175854,-0.0655364920852366,0.19345135269033908,0.00034455313015250823,0,228
0.3989687418484703,-0.10305511690017424,-0.15774940025694215,0.12484901035610588,0.2618801149803722,0,229
0.42808231014002457,-0.04028812956240059,-0.15803176787013762,0.19014213446915312,0.46964679998453535,0,230
0.4036798622531787,0.06202084712064364,-0.12543569255411469,0.12050501484553253,0.5203727273950871,0,231
0.37437318828572863,0.05285170472799579,-0.0367357308381422,-0.09123040736759366,0.4011158300102353,0,232
0.21822882681971872,0.008597884261915857,-0.045057851625866646,-0.1999565062316503,0.33220552776192347,0,233
0.11032177628538985,0.2530506108302177,0.050436187956594686,-0.2069021138363077,0.21381534053551252,0,234
-0.01563080106197856,0.024279977883158332,0.03853983608137712,-0.25983299769710977,0.1841302620720667,0,235
-0.17408830586012847,-0.0555594646303412,0.04134641051675341,-0.1967579401737705,0.10732152826675545,0,236
-0.2887283736898194,0.03824302807776616,-0.0036257435753495187,-0.12055077478259581,-0.1127655636216067,0,237
-0.39749428622863225,0.000886803407982438,0.015077532756880802,-0.05584194362289042,-0.3266568354885263,0,238
-0.20456696854566372,0.10150485999544097,0.0004355230060674644,0.011427254019040906,-0.1481683068136577,0,239
0.01193818838720534,-0.03652085708612493,-0.04594339531251816,0.12873521393527368,-0.21209335506782084,0,240
-0.12150974378068309,-0.07966214159311089,-0.019418852401286695,0.10380789959480038,-0.27378437758093466,0,241
-0.17678001557506567,-0.13894652679541514,-0.06106407154607943,0.27284350282956127,-0.2983405356676578,0,242
-0.07042610857708524,-0.16701229458799524,-0.06303421681985234,0.18028952895208988,-0.4856515005341462,0,243
-0.20118442540416337,-0.32302231839783546,-0.16795929969905043,0.06122317224446995,-0.17874185349026173,0,244
-0.18550959963418248,-0.14551259440604275,-0.12725505489012062,0.1158688659099016,-0.31201111406166393,0,245
-0.11456354425149716,-0.050814281837701744,-0.1408168129149908,0.1455691429909077,-0.22256463479444924,0,246
-0.15806245193935575,-0.155468982789146,-0.1831252119601055,0.13356559775580665,-0.19601059114142105,0,247
-0.22150878979121164,-0.12949010123816423,-0.13262333471796858,0.16565732722077586,-0.12528933692917088,0,248
-0.07165982759228615,-0.21019572932809402,-0.03252922407491121,0.1016437543176178,0.01408195053763811,0,249
-0.05769518222794865,-0.21988130777457668,-0.11901056017466852,0.07470490543901963,-0.15320154566454078,0,250
0.04480425957912345,-0.03521984589446536,-0.1445748424185428,0.08915092713348878,-0.1428713604127374,0,251
-0.022524639392467856,0.04751260137624158,-0.12915277442048828,0.2167331499606162,-0.23637321604850728,0,252
0.07966145779422784,0.05012705246558354,-0.07386554100281803,0.15278522787934035,-0.14353167821486362,0,253
0.06014542408491158,-0.04099771688883271,-0.03189759935339223,0.18494306870129523,-0.03198648517130531,0,254
0.2078274470681849,0.11008642076812256,-0.04681712192344193,0.19074465524486112,-0.042197886892125724,0,255
0.18938023397282197,0.033598512741017696,0.03980444816417367,0.1950437020904662,0.0015672728659785126,0,256
0.28980406776117745,-0.18850280514967613,-0.06567721535879167,0.23335511323628752,0.1729021249279381,0,257
0.28586829101113576,-0.29286699470907956,-0.058957635058254985,0.36329970134767753,0.3115190460250032,0,258
0.2742521164243034,-0.2928423365132114,-0.07161136144473408,0.14573490903647798,0.40305878394100225,0,259
0.33137521563005845,-0.4064779187532912,-0.09608884268670678,0.03419220028306205,0.4452234189434282,0,260
0.30358585674924266,-0.553946446439145,-0.05384465964644876,0.09005561984095857,0.5401732363878528,0,261
0.025156420075864216,-0.5704963420735122,0.01426179621625992,-0.14389115319665188,0.48164913492839384,0,262
-0.0953592997784481,-0.40446486060400166,-0.021205316936864338,-0.09286898162223822,0.3891061503662884,0,263
0.09779921417239872,-0.36408932588093845,0.0001415395766899523,-0.19960045234154217,0.571120860134096,0,264
0.011968407948022383,-0.3655513434075722,-0.000987834914973379,-0.2986831411643297,0.5459539780115611,0,265
0.10751819444572122,-0.2814252595467072,-0.08031417293411283,-0.2697590763593396,0.6147738238234824,0,266
-0.09103250159544168,-0.34668807199647256,-0.026849291977943293,-0.21308276169684254,0.47410084528528623,0,267
0.10402022932643365,-0.2478295833463814,0.009267023581068873,0.0314776395012131,0.35024194656552676,0,268
0.013829930031940774,-0.1678755060197109,0.03010453222078535,-0.014751684989641266,0.13782554815140693,0,269
0.2434313792377545,-0.11000983307795198,-0.010122280715812674,0.06044045824138,0.2372269910128318,0,270
0.19380009668219592,-0.03728107092480985,-0.07350172044149965,0.0807933749833744,0.42443601524122143,0,271
0.2210378532337074,-0.06931012066443483,-0.09003677800993179,0.037463038367926964,0.3473560579315874,0,272
0.16115341463450947,0.03271754154268708,-0.16589281980918913,0.1015528474130672,0.1980803652676612,0,273
0.18273285174059575,-0.08488888070880236,-0.07955412808961462,0.1880017740631183,0.2731781860146484,0,274
0.01298408898718223,0.010756558504123284,-0.04976487833707543,0.035139843664307474,0.12596531190431023,0,275
0.048139128991790264,0.06475060211081987,-0.034930024589183595,0.05387017733573789,0.20306793390417674,0,276
0.16592860708367924,-0.23166748358407746,-0.046610349380365665,0.03369497207857586,0.0984963908817596,0,277
0.15875405219854255,-0.07204158380541519,-0.0953455004342513,0.056226700803550786,0.06791547907042002,0,278
0.0756874446107206,0.08650401718240062,-0.1110319313877324,0.08589422881993916,-0.16049175752608014,0,279
0.25435045628913655,0.13379365923569042,-0.1068330917537176,0.12077169987333866,-0.1316292799754681,0,280
0.3471684848354886,0.08132613280069384,-0.10421659649569322,0.06573892969256587,0.06844474740531495,0,281
0.38191869751478064,0.09471789789101205,-0.059123197846058025,0.05648929367368658,0.30187435623394376,0,282
0.3018419533707988,0.3034833973483151,-0.130424934926056,0.15002067138114608,0.34796400279167516,0,283
0.1864418774371595,0.48088824880166514,-0.06499942858766337,0.20820910464743003,0.07974341780496531,0,284
0.14607507387157592,0.3878141287774545,-0.037672967341167915,0.29323682304597587,-0.07338328545289896,0,285
0.04032320417068931,0.4120847156993343,0.012905326059511849,0.3074887983258219,-0.18053644319459772,0,286
0.009198070737839573,0.2573730916313762,-0.032052984599668564,0.13667819466683637,-0.1920179162823636,0,287
-6.661465860374575e-05,0.17476835743369892,-0.17598756766496182,0.0191246317846141,-0.04405188320584305,0,288
-0.06652255319905646,0.18461227158432825,-0.22440333104392923,0.13173486824135278,-0.19107212361956827,0,289
-0.0308662582307973,0.38949841003484753,-0.12165292628918754,0.09008408566701229,-0.32934761833563736,0,290
-0.06033413355967075,0.382063473377274,-0.11231578184702859,0.046753622930022956,-0.19351006877387536,0,291
-0.06572170938148736,0.5547128616744148,-0.09430075983777651,0.18350112348709818,-0.3468425965800799,0,292
0.03714651888160616,0.3990448272714801,-0.12567262978661392,0.19642245383497442,-0.2468458405418179,0,293
0.03745751719349183,0.21054876967238836,-0.17860483252668663,0.056716622661528424,-0.35981614949573065,0,294
0.0446603014188514,0.2914708463923326,-0.15784304196972468,-0.1314897188714985,-0.2025672761572246,0,295
0.02391437161370555,0.4573500944560267,-0.21175877257933556,-0.14565026362613936,0.007096767219085726,0,296
0.0665207685869898,0.4450788876392652,-0.1806184980186214,-0.10032024626216007,0.0344783068613738,0,297
-0.021079940160985827,0.46612291238419534,-0.2275944291006638,-0.06100917642155622,-0.09507591150000655,0,298
-0.08060125496409803,0.39393594799400133,-0.2314101052418618,-0.13881408963569347,-0.20197545693015934,0,299
-0.1829399930048544,0.3671253022042259,-0.26114516732045656,-0.0638100961437692,-0.43180718256511985,0,300
-0.22127548526246957,0.24959616605207408,-0.16355041079825983,-0.029091587995751848,-0.4552120258380495,0,301
-0.1492759926292503,0.0014375064112941427,-0.14608104098451402,0.13449145266807694,-0.37309239010985173,0,302
-0.1275570764493917,0.05603471841381963,-0.08377105390065506,-0.04278977160996185,-0.4437633036287639,0,303
-0.0937722396958379,-0.02385814553800429,-0.008117264321580733,-0.062441052491484725,-0.4488414285147851,0,304
-0.21119640741065382,-0.29524702567036115,-0.018849469467136674,-0.06939444584874238,-0.29837258438243464,0,305
-0.08218886276661458,-0.13110798816813757,-0.025106954298885834,-0.23114866128655437,-0.013198477113558649,0,306
-0.018433953639095578,-0.08050263292722243,0.026979867682386256,-0.2942855830361855,0.3232375556070086,0,307
-0.11253333358937283,0.006495054731946406,-0.06062510116016768,-0.33044963222308543,0.36471364543312723,0,308
-0.12736998253052054,0.08951305703543423,-0.04150231958498525,-0.2958878325140981,0.32108408333347715,0,309
-0.1382988667426585,-0.10198771227622797,-0.07668404583237229,-0.21332707599112982,0.21921088966244878,0,310
-0.2811748050919365,-0.15912380737561388,-0.09656802779259994,-0.21483212364142096,-0.09113828592403374,0,311
-0.3158944353946907,-0.20811628479522454,-0.04640320146939198,-0.12217424268881673,-0.1699717110330879,0,312
-0.3235089714422948,-0.16290641087202953,-0.08166357266584369,-0.19803815771266586,-0.27737707007204676,0,313
-0.354639390695211,-0.2548178292204522,-0.06376096599279871,-0.1139159433073226,-0.4236342125134306,0,314
-0.3166625805040866,-0.23858873436401792,-0.039034215796822716,-0.1001419721256577,-0.4672074314432705,0,315
-0.4112352523393945,-0.19985806665091796,0.017088936086071482,-0.26425850543276247,-0.321234912210673,0,316
-0.25114952657669076,-0.18518194427390158,0.04254838855706494,-0.28615042619832753,-0.17834399087520622,0,317
-0.38812592574983684,-0.3918389834747037,0.08458087199148091,-0.3277504650105003,-0.15776104691622073,0,318
-0.4879575585018725,-0.4740601062618857,0.06573928234777238,-0.343509080089987,-0.10303205069539076,0,319
-0.393907960753726,-0.3708661256901421,0.06978060801246187,-0.17263144328373772,-0.2536985597592545,0,320
-0.3600106512986452,-0.2019672247846619,0.12463392551786827,-0.26393044760441764,-0.24392993347710018,0,321
-0.18819747658205463,-0.12086423054705607,0.11944100602971272,-0.2470342648906159,-0.15701031779639968,0,322
-0.14055582261481675,-0.127972008463446,0.10297915425392498,-0.20863191396563283,-0.12285701945263454,0,323
-0.07328730296519123,0.1826482576476129,0.0017723237771502254,-0.15558876321490217,-0.18130760267216467,0,324
-0.008218314916747113,0.15990676633325704,0.03965238362601538,-0.0413216978762625,-0.10860786075045929,0,325
0.10580874541634541,-0.09850903799559926,0.11441671248669469,-0.005944905000961162,0.15947720038979457,0,326
-0.026759703609441285,-0.16680967045679296,0.10798362169553002,-0.006535098497833252,0.14197060700545852,0,327
0.08436778284449947,-0.31831025141855895,0.14371654067793188,-0.005022982896480767,0.2071668339655841,0,328
-0.07118051887843951,-0.22025884686808858,0.005765163245028196,0.047501525779158754,-0.04837648603065173,0,329
-0.05871667572884816,-0.19913690357066732,0.063550251020319,0.027033913906756902,-0.0857762666315887,0,330
-0.10350527775308366,-0.041978091159600855,0.0827390693569254,-0.0073308934229744036,-0.12346068502233425,0,331
-0.24987245903632,0.0031660425994933725,-0.015180404350678925,0.05376583998884877,-0.246235053362852,0,332
0.013809966824704256,-0.10732241916286121,-0.018491860380629103,0.1906392968641435,-0.038370578871790614,0,333
-0.05719223501575614,-0.06882731345108725,-0.01617286931419925,0.18841265766333742,-0.1838047665754164,0,334
-0.06040505178425398,-0.21830845396109555,-0.007475952403091237,0.19992066604085013,-0.17140359102908576,0,335
-0.2158696356643074,-0.08670899958178496,0.011647413784919826,0.11584977163946146,-0.28519779394461353,0,336
-0.34434961237606054,-0.17624366242230766,-0.016640843187127528,0.1990629663087436,-0.47434605252110185,0,337
-0.24589328520557863,-0.20363873334511948,-0.002246563962078481,0.16187314051710275,-0.32565030209848683,0,338
-0.27478509050687655,-0.33034574834359565,-0.07107442785481069,0.09827943273445877,-0.4202887600625671,0,339
-0.20628537988823376,-0.3273707025778641,0.056184830989088164,-0.05351406113199145,-0.21456399285591124,0,340
-0.2984521442499773,-0.32760523122945234,0.05651362493742479,-0.23258694317477552,-0.10119953908539106,0,341
-0.07831618359756279,-0.3238082763818938,0.0627223827852093,-0.12035690511202275,0.0234687968956881,0,342
-0.12858058409095485,-0.5028106752967849,0.08724523282073285,-0.11376398022577158,0.01680839912470357,0,343
-0.10306285465409001,-0.4857571096828853,0.05035449832646863,-0.05047137030772462,-0.031662358799940254,0,344
0.011974959418694836,-0.5526621595422929,0.011176888109529201,0.1099256033576058,0.227115174877004,0,345
0.02053786272636937,-0.5638158571610706,-0.016627953798608965,0.10149730008797277,0.2602322516940525,0,346
0.00939698349113615,-0.48232672999532844,-0.025351354828031594,-0.02705564777466475,0.2405632181832027,0,347
0.0999196905407072,-0.5468111502511409,-0.03178696782563173,-0.08911872786562586,0.4010512716315001,0,348
0.051064403379954666,-0.3170501112160028,-0.002643373977043232,-0.18247754650527143,0.4714995713099976,0,349
-0.031507222584247103,-0.3271922316713557,0.013364781905558048,-0.1980952590379969,0.4803760845949268,0,350
-0.10580750647716193,-0.3400080521797887,-0.021057536600514362,-0.21759397523146043,0.4650819490647521,0,351
-0.032347126468415435,-0.11801244895161325,0.0948515779865101,-0.27176412100595776,0.3610492818250812,0,352
-0.14673244548591718,-0.178071174383698,0.05196526311534542,-0.3210071752062452,0.15444742418016472,0,353
-0.14648763878935098,-0.273032340064784,0.08783577949838561,-0.3526965254228345,0.47862757413574486,0,354
-0.1769773200068554,-0.22487572486336116,0.01252842673527757,-0.1703586364676548,0.3629859031894356,0,355
-0.12958800093255862,-0.32582462101181353,0.021558359413275274,-0.2379264974082401,0.4299348625561029,0,356
-0.03570972765398549,-0.26740702401126787,-0.10284742687868388,-0.2856693310378914,0.45323657469878575,0,357
0.08914961428372864,-0.11637898926036452,-0.1701063857653146,-0.22440813345793315,0.5152514891575785,0,358
-0.08559890370286874,-0.09971259240863349,-0.13600149955805402,-0.2192962428961406,0.13012260132770723,0,359
-0.10960882433995474,-0.11748624657284087,-0.12708493983847524,-0.2358654453536479,0.07362596041504998,0,360
-0.10261857014065706,-0.05561784908994362,-0.1270560852006916,-0.23797485172711383,0.08609068035233948,0,361
-0.2844483057161095,0.00042834099619373095,-0.11183750983275655,-0.2038626388747841,0.021421510185395037,0,362
-0.45128502814932336,-0.19701929713913172,-0.08472681638664979,-0.17792984423134342,-0.15789334345835868,0,363
-0.4523692328516356,-0.10103103514426882,-0.027927656270695822,-0.11608038096514661,-0.34494651763644335,0,364
-0.6179012483279124,-0.008952759068915683,0.03651009579266732,-0.04942525848095914,-0.6705124442714525,0,365
-0.48873168412834533,0.07844312558756622,0.11006969668750152,-0.11308876881667107,-0.6783112896295831,0,366
-0.3651313106011653,0.07241766389324707,0.040994952982437605,-0.06521792606836758,-0.5325195275947178,0,367
-0.31982188990794863,0.08351350702725442,0.023140263540258582,0.06152271917780497,-0.6298674448834889,0,368
-0.34657177719353166,0.07208503232591883,0.06431113330047218,-0.06626508792287264,-0.6836831159823872,0,369
-0.5156874502476503,0.06454180000235808,0.000678506444088324,-0.08841463529433254,-0.6206816400583524,0,370
-0.52827297730117,0.07798873227634082,-0.014369809716788378,-0.023151587498354352,-0.6467550820887548,0,371
-0.544639049188514,0.04942524709484443,0.03954173733525095,0.011328268496759476,-0.8636799627786074,0,372
-0.42461333815252433,-0.06644960221300605,0.10542238235307114,0.09178350077946275,-0.7168592901521138,0,373
-0.36642871999365256,-0.07738538748379714,0.126697894040704,0.05018939212116765,-0.5882329026109523,0,374
-0.24259241134234222,-0.12195823371378653,0.08068450975628479,-0.05188446731254088,-0.5130371568185806,0,375
-0.40117270135225824,-0.03068161975516559,0.16144809568966917,0.0688868289157139,-0.7182981638582587,0,376
-0.28856996406141244,0.1161312582004649,0.11923382516997567,0.06804733560867506,-0.8239956735561946,0,377
-0.23303935085760702,-0.0076444034730766,0.11490751704515431,-0.06569505179556316,-0.49226821817051436,0,378
-0.10728414822917734,-0.08481572912363187,0.04427248592921407,-0.22963653846613846,-0.23057503212965408,0,379
-0.15471512683442012,-0.22719531098989257,0.061610725433316964,-0.2357814190147124,-0.16869053981059162,0,380
-0.19470085471502283,-0.08598556044844712,0.08436428556908004,-0.21553191946267897,-0.0467169304397208,0,381
-0.2913219648821944,-0.069850716308477,0.08160668782511396,-0.22509969061242885,-0.07274291590414006,0,382
-0.34023311385842014,-0.008391038084593655,0.09940682386266489,-0.4292095212885785,0.018697052638857153,0,383
-0.6109730590078535,-0.06873728492751714,0.13874540671203284,-0.3987952215412585,-0.3848119391382645,0,384
-0.6592494592787352,0.04426388244367241,0.026020731379156975,-0.25663255466393353,-0.5700169438360041,0,385
-0.7125640463951052,-0.02068720715314757,-0.027962973441423927,-0.15397230648893986,-0.6427654386767716,0,386
-0.8132237551431993,-0.057943337932108846,-0.06776669974566692,-0.030475109168628042,-0.9960762147041835,0,387
-0.571478469160378,-0.05258131119398628,-0.11773141609519128,-0.08069527969744864,-0.9301824146040262,0,388
-0.6417924624458908,-0.03521142854185077,-0.1649994236983605,-0.24463419003583545,-0.8438964735220646,0,389
-0.75789883584309,-0.1051458010673252,-0.190654637284725,-0.28252903109324196,-0.6078257589346856,0,390
-0.676467795541824,-0.06483683000769319,-0.25659599562767277,-0.29811730774207423,-0.6172121012533307,0,391
-0.7112739072789422,0.03569497884525934,-0.28593930544740354,-0.2822713486048186,-0.7629029039311311,0,392
-0.6237144506128565,-0.033708275167072164,-0.265171270147262,-0.26446648062843103,-0.775591268332201,0,393
-0.5128336187018595,-0.00481319640826881,-0.23778141499224895,-0.26452250482369166,-0.5598718033534451,0,394
-0.4851336812130917,-0.03476094572962221,-0.20401314369877277,-0.09440764455894365,-0.705373757785543,0,395
-0.35963462378624705,-0.2188639199939894,-0.16866790854348884,0.04387197544241751,-0.5074538772751839,0,396
-0.3066086535536431,-0.24207927887519856,-0.14687539949384246,0.01800359340263473,-0.4815283106167719,0,397
-0.3049353497457658,-0.18592927098127482,-0.16761120498111337,-0.048839419394482525,-0.5149286948374641,0,398
-0.23536931216229962,-0.10350755413737756,-0.13591483817155392,0.03472334454509348,-0.39627317380109317,0,399
37.5,1.6,0.3,0.75,28.0,1,400
33.780471707975444,1.2560015893759506,0.3015225597903229,0.7277451773112971,20.015972682529256,1,401
30.27220658649167,1.0803853912862866,0.24952772299830503,0.6317942116604853,15.487945123133706,1,402
27.332925725328785,0.9961067761362384,0.22288593111656924,0.6398402607020648,12.82071710913186,1,403
24.513703906507583,0.8835658381240525,0.14819548934113097,0.6269370509153781,10.935267638527026,1,404
22.043847279502298,0.6829380079650506,0.19153909755389678,0.5330728757308748,9.452665509929068,1,405
19.804249196503243,0.6337282253256279,0.1868266090656331,0.4967920108135402,8.386194712074778,1,406
18.037989036939965,0.49802748988832213,0.13879527952418025,0.3671072311479497,7.545620711112124,1,407
16.34708736251806,0.4119286206395863,0.08013202213315222,0.25342479384341704,6.830678274866439,1,408
14.786704043386598,0.40445475437416784,0.03724069411273923,0.2390524764891104,6.154609119386618,1,409
13.32990249872084,0.43092941901286164,0.04395158825794464,0.26228873959127763,5.552050164911344,1,410
12.025824188717753,0.42941882874478643,-0.034180393325792036,0.20261750613582744,4.993192094074861,1,411
10.759353985021644,0.3374917793104001,0.04466831943502281,0.10701074108271039,4.5797386278885455,1,412
9.5151316093579,0.2533795094152626,0.047445774358070354,0.1399971312507003,4.1054132537478045,1,413
8.642953171942102,0.18050007577812946,0.018634691801873556,0.19043557468868155,3.6179539037701955,1,414
7.651089222414099,0.04009634301106198,-0.029574085514431837,0.20545180950345407,3.220264488334677,1,415
6.9550288355794665,-0.008643373074250747,-0.018098210698864307,0.228790305785392,2.836613390264314,1,416
6.305203475777262,-0.07353946121977827,-0.03407911774325418,0.1685085345134247,2.4325831110665064,1,417
5.723380376278094,-0.10944877605708392,-0.029364917677679306,0.18506215773915222,2.2810093527259596,1,418
5.217580849547563,-0.1028800080994637,-0.04700604315856548,0.1546266203605505,1.9091622015292715,1,419
4.551111517350498,-0.2197179681199844,-0.09122765935961172,0.16650709785155388,1.675780738471567,1,420
4.058184110211509,-0.05683744312338018,-0.09809353878952962,0.2038624206082188,1.5028716679640033,1,421
3.631821943403595,-0.14331403214593127,-0.10327396792981419,0.244584956925742,1.2450785222181533,1,422
3.3120821134178215,-0.0980433670908138,-0.1205885895630762,0.09710428417431914,1.2545537547027392,1,423
2.927924631169659,-0.06006924089172132,-0.10502535153933491,0.21262303853733094,1.1603640406519955,1,424
2.532782418790507,-0.0331312912623315,-0.08142247515602646,0.29371704954671285,1.145536712109691,1,425
2.315191282826407,0.11816869154897443,-0.13108993085344584,0.2043537104856603,0.9729149034742195,1,426
2.04469117422819,-0.037225226939002626,-0.08360159181031213,0.16000991235462259,0.7334168249842425,1,427
1.7386641486846166,-0.0002900581531327037,-0.03166307239835561,0.2989470950838646,0.983661423184801,1,428
1.6062386771437547,-0.09920036143334922,-0.1344658177471184,0.28150088971046905,0.7336058187594212,1,429
1.4040790834114107,-0.14552998712432763,-0.12536946393828347,0.3301841925111196,0.6562837892887469,1,430
1.2478076913664007,-0.22726586433825965,-0.1940592755009073,0.24835561475880757,0.5795395613412044,1,431
1.2998199135877488,-0.1801485325402321,-0.12163518688964556,0.1761257369570304,0.4178673567225063,1,432
1.073326246005737,-0.2256488591127726,-0.0006154778411298634,0.08751845681466554,0.44109774232981774,1,433
0.8757009035964606,-0.0986442289584323,0.018705927805098877,0.06361002561611177,0.34688756428500234,1,434
0.7226520436938755,-0.03924037446645939,-0.006287957548551992,-0.04270773881536263,0.17039450070156573,1,435
0.6676456310966998,0.12455480734455301,0.0024661780359461595,-0.04664679885815609,0.2578805681629753,1,436
0.7314812421577124,0.1278098363792557,-0.01837612487005424,0.04792038179819533,0.33639496873991004,1,437
0.8119087171415403,0.12696180464455795,-0.07739444147167275,-0.06776200377522329,0.5357839841961379,1,438
0.903084417505716,0.08996561261961418,-0.08726647455187142,0.05796260009493193,0.37264233138942043,1,439
0.7233032738595617,0.1408034501955765,-0.09652475374862633,0.05001771274498508,0.36694205667554597,1,440
0.6847304013534989,0.2604311187976117,-0.0804125379537039,0.09503051355028566,0.18595652941930446,1,441
0.6113855210251373,0.13704342394868282,-0.13170368642044084,0.01242435743444846,0.2497054737820087,1,442
0.6418372231582249,-0.016152361417576006,-0.11436766942026706,-0.027924363698716127,0.2501327231078804,1,443
0.6779292833728628,0.040082036495453006,-0.033773643717697824,-0.03665465075787507,0.19902523618015494,1,444
0.5877504733475266,0.058319410148257214,-0.020892138548888533,-0.11864059193802065,0.23437741890462654,1,445
0.5517982590266645,0.30131890237941067,0.07545714864106161,-0.17147678303078356,0.21785498094165273,1,446
0.3502742329402977,0.1970503656261504,0.08218254098365124,-0.052716511565723004,0.10560552535748867,1,447
0.2498321656394883,-0.04723609219163766,0.06418734003836771,-0.13085651801094408,0.009706455303570227,1,448
0.13716287125878063,-0.04957693378814771,-0.031401560334067984,-0.2312087903008006,0.2451124930571931,1,449
-0.005295673994500552,-0.15181895156538952,0.06421230332208588,0.03125372597753609,-0.05160234931485999,1,450
-0.04159100227385355,-0.09489055373653013,0.1429417091437152,-0.05175782467380262,-0.13397013406572672,1,451
0.0403018555597062,-0.037180363229388745,0.10698090048496442,-0.05573514462749157,-0.24744874670897796,1,452
0.012454295606269056,-0.058242057745875944,0.10575168690808148,-0.09291575333143895,-0.12827783420325442,1,453
0.11248044782762502,-0.03396281631714795,0.11064930489907188,-0.0765842775921225,-0.09493628240657163,1,454
0.02907659969057777,0.002781032297755049,0.09250705839050878,0.10082514320930104,0.07865452009188992,1,455
0.06475359497717008,-0.07394184351638497,0.02578563778447683,0.18300931083920113,0.05215520583948169,1,456
0.10629257581861415,-0.23730916568634652,0.06906328532824865,0.19557172748725402,-0.1409199491429252,1,457
0.048510837491757844,-0.1753410703977426,0.06339903100667099,0.1467737080496266,-0.13250467711175917,1,458
0.01846201592189352,-0.13378365862783437,0.12936574593552833,-0.07763954927132871,-0.1651172322406854,1,459
0.034267056466948866,-0.08411671086494926,0.09524612735720044,-0.20808415046434262,-0.09851279070075097,1,460
0.2035753722366725,-0.22488534472682065,0.1270079927592458,-0.2073152287538096,-0.11452552897972162,1,461
0.07792798394261036,-0.22459816025338522,0.17676926336308424,-0.13375182965679777,0.01436809576489273,1,462
0.1878763744461187,-0.1469997683224198,0.24275367806790377,-0.08124463910235016,-0.002700811929191832,1,463
0.139431641648036,-0.11829522148813633,0.17875204553474144,0.008483878748543616,-0.18924293529095984,1,464
0.20372351172499856,-0.11961604401543183,0.21586415474393844,0.06745049360973375,0.013844509529038235,1,465
0.25642862966636315,-0.25887766297844117,0.1866127975297558,-0.03507864596711692,-0.12516922773975356,1,466
0.381908610027399,-0.1562926324419054,0.1292727403972478,-0.11161581130662365,-0.07353047742459907,1,467
0.22206173408654634,-0.19996276531527768,0.12936048512714024,-0.004680792948226861,-0.02765472646818886,1,468
-0.029273390181918296,-0.13953167761496005,0.11743890557351232,0.029038932964858086,0.06764249694588405,1,469
-0.23266987884420076,-0.1777122684918266,0.13289155304435857,-0.10126368027688887,0.05083650017022803,1,470
-0.17256722968971483,-0.06639702963371222,0.0883973836029458,-0.022998306643596464,0.05256494497194843,1,471
-0.1320227047070265,-0.03299738591878579,0.0913068595346786,-0.08907614795907948,-0.05535670338295445,1,472
-0.13407268748155976,0.010291608404381591,0.1303412487360319,-0.16217913528267192,-0.1143905162836522,1,473
0.027480136032493538,-0.06561095573753206,0.07358779802319204,-0.12491135234942907,-0.01036762496422848,1,474
0.02587472798531012,0.07712674666679667,0.10759696138873534,-0.04132727119279833,0.02727185346551611,1,475
0.25605256522138764,0.04504156578017275,-0.005490788581238609,0.09238562298363676,0.025160073965455262,1,476
0.24123535313355218,0.16924039939919955,-0.08494487100443625,-0.019756285132727203,-0.03629936488350394,1,477
0.13769818881765458,0.18781800009101896,-0.04854209434326534,0.004913966280811637,-0.07766015908830086,1,478
-0.1070819737273753,0.16508065861640434,-0.06630584470399029,0.04102601240163507,0.07162899741192602,1,479
-0.08254963314876958,0.21633186836152907,-0.046888574633758034,0.07809780723753987,0.012510041978005274,1,480
-0.09225581121703846,0.20355969777299543,-0.00023552190683612945,0.03644579851869391,0.08257184886048052,1,481
-0.10961410928687253,0.16127152637423306,0.04126869282318786,-0.1277369849730688,-0.09234501990330143,1,482
-0.24687123810246736,-0.0962808145667324,0.0024032276766464827,-0.0511764649483506,-0.1393151934323574,1,483
-0.20240510609803541,0.027083057289356713,0.06849914696883348,-0.050054559283156184,0.007285025813452611,1,484
-0.17295192964482095,-0.060719223686793014,0.0305592317226367,-0.1619903875815472,-0.14066975722912,1,485
-0.19145840548778179,0.028747161804086103,0.11293061547421948,-0.2515061584261093,-0.1049374586052394,1,486
-0.27636695885475704,0.07190479637979338,0.0928246090829268,-0.3652828238985175,-0.03213396709683958,1,487
-0.30923033425015445,0.007729053085468909,0.028198035428491086,-0.3701387189267147,-0.03867280319825852,1,488
-0.2972317349187795,0.03943589535089668,0.04291036387351434,-0.21636775302398842,-0.11639369545017392,1,489
-0.4151943431114748,0.1402427527054605,0.02118671160382988,-0.09907254956467974,-0.07502025226734524,1,490
-0.38678866182066185,0.15408392920427094,0.11619493421768527,0.07996532420302889,-0.11585515959433379,1,491
-0.3320907363068881,0.23859535557026884,0.059968490473195676,0.09621546186609556,-0.0965585222030169,1,492
-0.26749084153044395,0.11946917163978792,-0.026706103049036256,-0.08213122305580024,-0.17358974832837706,1,493
-0.28660928587133283,0.07222963722894354,0.07336018743832394,0.017025305534037652,-0.24949180478473204,1,494
-0.22317751203910388,0.020687368009569503,0.05033877304372031,0.02963806776784332,-0.11899877847743962,1,495
-0.23478560922359504,0.12396941608156993,-0.012798791028646332,0.02629224394700516,0.18791997338838884,1,496
-0.18899907403870803,0.24869545432995172,-0.006686927196548362,0.06933641986027825,0.10667569567256752,1,497
-0.18713992475125768,0.133442896507917,0.015630572014915106,-0.007800289856419368,0.10664753550801764,1,498
-0.059897231831540915,0.15007960275545243,-0.0005575333046593002,0.029530994169610844,0.041913894342644406,1,499
0.039647203898128106,-0.055572946079377794,-0.017270997714032496,-0.13357299468235842,-0.1256188292799978,1,500
0.17206870648970624,0.042281494029697476,-0.05117248965258811,-0.2364087818569236,-0.29936463658904217,1,501
0.10051228504747217,0.2779807711499831,-0.023287577321095165,-0.2504414230994827,-0.020170900877510785,1,502
-0.06563477875671933,0.20655131920772207,-0.01551919439177682,-0.22477209024223382,0.10469884315229834,1,503
-0.02460677825744216,0.24240122313736345,-0.048075505176301575,-0.12372648583789957,0.27852434295020206,1,504
-0.1191610523968392,0.11727147409530295,0.02448277226086626,-0.12294956161457744,0.2718565071650398,1,505
-0.15149851834637368,0.24518531060807863,0.028119130429834917,-0.08630781273886676,0.30291973239684483,1,506
-0.17252571425615346,0.114295304424371,0.0023166243768370093,-0.03890108103136297,-0.014238258451597263,1,507
-0.09152605256542597,0.04327387699894102,0.05942926248829475,-0.22538476488932355,-0.11736732579352188,1,508
-0.2510202624322936,-0.04584015118729539,0.06468104604514655,-0.21042287548969188,-0.16424551568489298,1,509
-0.24183672332707032,-0.018625304447206732,0.006492518422573569,-0.12651993040410786,-0.06570883926124152,1,510
-0.1791492572287532,0.039821835495000596,0.020534316252297714,0.05273352476691158,-0.07406006243896628,1,511
-0.19194265333933555,-0.04150419786498729,-0.03354293522686985,-0.05367957646087298,-0.1553431056259049,1,512
-0.1798164261706091,-0.001849055335467746,-0.02696068007203738,-0.10794405371533654,-0.009605592159944346,1,513
-0.08789351632345346,-0.017536527777349282,-0.0563712056966285,-0.05003709306595882,0.0172149064535982,1,514
-0.22391689063261289,-0.02170407420918738,-0.03650487040931402,-0.11550785388640449,-0.002452114481438783,1,515
-0.34700745009513057,0.11517014692340781,0.03027321329277525,-0.12069321962540909,-0.016417220406364112,1,516
-0.553298901665605,-0.017740141141636648,0.011951481690035728,-0.19077374278825465,-0.04469138514426668,1,517
-0.29823935842424515,-0.13274059191332135,-0.0313558663170282,-0.1471372867609871,0.07107706590561164,1,518
-0.390652853835811,-0.08792589089562894,0.06347178018167063,-0.26015017133640017,-0.2058597916740174,1,519
-0.39394822909831373,-0.1267958485468257,0.09648523094755239,-0.2069978714770011,-0.4152900451273041,1,520
-0.30301236589840125,-0.16553036000036692,0.14862936408090804,-0.23029515109994456,-0.41840659436802446,1,521
-0.21859796822810798,-0.06440815776661821,0.15319880858800924,-0.3352045668477365,-0.2689086424607739,1,522
-0.3001689765727371,-0.031219322942799124,0.06362822978749512,-0.25592220135408567,-0.3008397839477748,1,523
-0.39841554394151557,0.0448455891468607,0.06807506829683327,-0.2717704592894863,-0.09527771447061495,1,524
-0.40263923170433824,0.04132951817192506,0.07335173248514332,-0.28601357431214214,-0.09407507896176773,1,525
-0.4157205432503769,-0.00603374177548463,0.1326816565770932,-0.3320786938525583,-0.41742468134483496,1,526
-0.21305478942414974,0.24980411475153835,0.09649639451537542,-0.44385550690134057,-0.2667483352442013,1,527
-0.2203716054658017,0.1933411134365819,0.029247425077437952,-0.33978939960604815,-0.0936210664209951,1,528
-0.34777500690115215,0.2342596195905834,0.12837198316543996,-0.2818599510622971,-0.14763942000761485,1,529
-0.32719782765178906,0.260646353348852,0.026433764910226254,-0.23206690118601428,-0.13020594922173057,1,530
-0.10969554359100561,0.20413212696602842,0.1066560936769751,-0.29019745985439305,-0.027958267854551425,1,531
-0.06678596285278217,0.08660758313464591,0.1027271681675851,-0.1554702831267939,-0.08214912830954144,1,532
-0.2293036314844803,0.07186016301670443,0.04527875324784926,-0.16264642141342128,-0.09424746348628808,1,533
-0.37693848993758405,-0.10048469536786904,0.06394864463438361,-0.18331988232325094,-0.41712349104129315,1,534
-0.2607602372830122,-0.05817501553526469,0.020581066076433382,-0.2648347145058877,-0.19178522813778132,1,535
-0.19974915129866802,0.18881146506343235,0.03912076808350824,-0.1993899503191611,-0.12642626853422426,1,536
-0.09809664944872212,0.22299826542873286,0.09701252634174701,-0.21517509026865295,-0.11861663591323057,1,537
-0.13619730159504795,0.26862869773232184,0.16028974519557398,-0.22390956798567213,-0.13669136355479827,1,538
-0.09116984904856323,0.2037582430711834,0.1886576584290996,-0.3749435073970585,-0.20213817405523316,1,539
-0.1602944975398515,-0.0588410946281086,0.11783681719916744,-0.399413340703115,-0.20893550784196158,1,540
-0.03296845861983999,-0.07452099555296254,0.052155713121709656,-0.3520459697087924,-0.04125119868769342,1,541
-0.12726749436934648,-0.15440033461216301,0.07382447551081567,-0.3240028829051134,-0.039195136386140514,1,542
-0.1159054241119415,-0.06107391961138185,0.013211632747485741,-0.2828492801905101,-0.07902898299080607,1,543
-0.22590397411116042,-0.20826062645654342,0.04591368858152055,-0.27415506434318204,-0.24242283572406176,1,544
-0.21293147039237761,-0.06421964675313163,-0.07363284631685807,-0.3582460011708345,-0.2352185175460687,1,545
-0.045520436681106946,-0.026328001448232233,-0.026431042735773763,-0.4028868945487245,-0.23244970809802318,1,546
0.003812978659274789,-0.016551368137452744,0.004177623335725418,-0.36552527753166647,-0.09270546820666015,1,547
0.01924358928385823,0.06370807599165772,0.044026722632661906,-0.44759675100389146,-0.27248481742105435,1,548
0.11749377012062313,0.1729243739191027,-0.012287635058924398,-0.5381960058970359,-0.06569011918070461,1,549
0.19882821574361376,0.32674517007466874,0.01500175975321908,-0.4979678608572768,-0.027020712801341995,1,550
0.18009052333631784,0.24780692417494277,-0.03755184670360802,-0.26933158687676784,0.2620049015235111,1,551
0.2756863393582289,0.1185508457677886,0.009705341115688881,-0.18314836782295585,0.2447085869739242,1,552
0.37308423212678377,0.16430533318874804,0.04554141199702299,-0.10838657733619475,0.23823309790893418,1,553
0.15741469594268706,0.14802164095149156,0.012266844614923968,-0.19668359889369108,0.3403304464985619,1,554
0.31457276043698873,0.26174045483832903,0.023555494103926825,-0.06306472136129868,0.27091953151421655,1,555
0.3033952120830678,0.11313224956638135,0.04057840003639761,-0.05003543331037648,0.06620078214733124,1,556
0.2679359796931013,0.08818945574574329,0.1255870503642619,0.02800623930104524,0.04987648233101434,1,557
0.26602111270389944,0.0793822751943016,0.10037090508077309,-0.0622287475991536,0.033444946698067225,1,558
0.16480917576825815,-0.05755661997715829,0.11388748719845707,-0.022837837616604836,-0.18934894502430222,1,559
0.13605979444191962,0.05064701160940782,0.15318217567945827,0.06219802870437291,-0.11743585677236133,1,560
0.03794928220081255,-0.06531992286780941,0.15203055983544114,0.08445468772201747,0.002969845062733789,1,561
0.14415231901493966,-0.0687448000907552,0.07157659871214472,0.04794705055728336,0.00677585993209957,1,562
0.10952876257450529,-0.11622249088490752,0.0756316476151823,0.0013973146719876844,-0.09320065836613109,1,563
0.12972116974739872,-0.1389883752650919,0.07876106935027805,0.023071985592799105,-0.19649552153082084,1,564
0.06862494038611763,0.02563757501631815,0.011205765391530322,-0.1492597284519073,-0.2714345779735089,1,565
0.06467344100517279,0.02488366656714032,0.003980530773290636,-0.03272077743887922,-0.38797499191200535,1,566
0.09779948434773789,0.1772949367624266,-0.05288617116408994,-0.05885159731501653,-0.19505932467815065,1,567
-0.0014150686947887736,0.11807449574575862,0.02483443355982609,0.09579004437493727,-0.11769717148293078,1,568
0.1892324595811371,0.10392096908235732,0.10953885286770101,0.07587344663391608,-0.034712307742855227,1,569
0.20685666088730686,0.40621819165675727,0.13895846926581634,0.00942873617538989,0.14243808274089834,1,570
0.14998774109014204,0.2963104446181228,0.16771352094852393,0.010689847494281427,0.11825110676207033,1,571
0.13638748916765708,0.28552219058594785,0.1688361933065085,-0.14565718729640842,0.13990252908675296,1,572
0.02454679826786131,0.09846394844211454,0.14565528791679336,-0.12000327268271899,-0.033550253703931,1,573
0.10519530420787263,-0.05052316046129335,0.10782946592815021,-0.1511927780286056,-0.055735117592001115,1,574
0.12256220225180924,-0.1437339813544538,0.1311040638895836,-0.12649752741811088,-0.27618940954859017,1,575
-0.08555316201307481,-0.12340581344421686,0.10432321033351585,-0.11832645793972714,-0.22270296641192008,1,576
-0.05444186186074926,-0.010129980442754358,0.03624918004761604,-0.1967017458396262,-0.24700907223723045,1,577
-0.020106008957803644,0.11588425448830336,0.010332306529926588,-0.3712665064132472,-0.27847897570636737,1,578
-0.10139908034162445,0.042728727565536376,-0.011327001616400925,-0.3199153707410517,-0.17558940923725316,1,579
0.013674788746878705,-0.03128231213743096,-0.05308365939620997,-0.24001632946307805,-0.22392044830580254,1,580
0.051276480404191055,-0.01633464694418963,-0.054085744764573146,-0.08175211806093688,-0.14658383369262734,1,581
0.2521786494161798,-0.03642759482537111,-0.11144627764133577,-0.06553077623342907,-0.09823128789181805,1,582
0.15178519969321178,0.008739874399983673,-0.07029361989186925,-0.10678519134342396,0.1068116293402536,1,583
0.25235745552600397,0.15105906889631524,-0.03538771514855883,0.016171180498077073,-0.04488278629391171,1,584
0.19533105511055732,0.04169968292952532,-0.025179896274362165,-0.03164701050241194,0.014514307673621153,1,585
0.3640154376199065,0.01847275084805869,-0.0014686928619280087,-0.046114445531037204,0.08463328871846006,1,586
0.32821556190152307,0.06053424481816584,0.056972927058862206,0.091671952196264,0.12167513183250916,1,587
0.354348694314931,-0.06363234282311572,0.045742338691017716,0.1549777556014368,0.18019379069362726,1,588
0.3400747981629429,0.034551904557146886,0.06479159349778654,0.23085514803399576,0.1612400182241692,1,589
0.27049748678954516,0.06295324456687722,-0.08951311651458663,0.23147483770038027,-0.18713583026806557,1,590
0.07110139737004884,0.09868711797594404,-0.054895075669496474,0.10838880638813637,-0.11028441393233047,1,591
0.20104535649445715,0.03548103712228481,0.06383834903099236,0.09414467330357096,0.00341044270302375,1,592
0.34262826069487223,0.04326159317328404,0.0060605481127332175,0.07312766963856351,0.0660453340471433,1,593
0.17189126940522848,0.011189147063209094,-0.0317763223606666,0.13756969316054501,0.08237264129194681,1,594
0.12642256754994863,-0.0011074180585298986,-0.016807062757078304,0.16903076902485656,-0.029527498570848645,1,595
0.009621547532826569,0.1095266161905026,-0.03540705883646544,0.03370940164387526,0.06741754698148161,1,596
0.0549963733828126,-0.05997390196374344,-0.019684126002909266,0.08817382682444137,0.07692563587868839,1,597
0.11269488442067088,-0.19140472647825685,-0.0007700231327503748,0.052501648579628274,-0.027504054779950757,1,598
0.18848095692057645,-0.014766566439095324,0.08904088237319763,0.15086106398474902,-0.02936853954438811,1,599
0.2049048775311531,0.06413070570519334,0.08441487395338701,0.1417102606996552,0.08363411293071557,1,600
0.1784861251754446,-0.01841759378795181,0.05356143578718764,0.17400075702739942,0.04913579504446796,1,601
0.19465851034473391,0.05135296950045995,0.02839199034784464,0.211880511704222,0.09640448749107966,1,602
0.05171135061911267,0.1878805031940154,-5.228568174252615e-05,0.05192841772785842,-0.009397069190150042,1,603
-0.055564300510630805,0.16491575958066643,-0.013738536677245283,0.01823116601198939,0.08574865444829073,1,604
-0.01602033434029735,0.17178318270799509,0.008401510590458785,0.06515188787060984,-0.13980863482943698,1,605
-0.050862126132713736,-0.07200530114715159,0.009196325659493501,0.05631150466948294,0.007414136867133353,1,606
0.07298752575266972,-0.040927001149842115,-0.016925287289490713,0.08780389806610919,-0.03736222597755627,1,607
0.06554950803306786,0.06382568071871099,-0.042782820114223005,0.1408436824569151,0.09073619951583572,1,608
-0.036484624483321085,0.15164124143264443,-0.0027205644319409916,0.1306880747273287,-0.00601500439253988,1,609
-0.118756763892546,0.07512879752744553,0.02473562646448993,0.03724861162066412,0.02449901408475191,1,610
-0.23105664039113066,0.0434526194544438,0.02724973901745157,0.22801670371469115,-0.16928162549615616,1,611
-0.06074951970300424,0.051918967935005236,0.044538366236155535,0.20784236530283767,-0.05853459738255671,1,612
-0.07004307816890559,0.18953614089050028,0.016370205076580754,0.2714016235878086,-0.07495261863551589,1,613
-0.06906395499214374,0.053909464527903295,0.03715696648476706,0.3517294890755162,-0.06172433288675539,1,614
-0.08184612936332032,-0.06563865145807489,0.02123349782897961,0.17858111471797686,-0.1585033978238649,1,615
-0.05098291181607474,0.07610846603477597,0.1591460211509772,0.10843876299896779,0.006664677372282407,1,616
-0.02150937259430248,0.04956743145492199,0.16167822119916755,0.09929504250349871,-0.04425757800829402,1,617
-0.06019175161753916,-0.09767864924320138,0.06509557452916336,0.13864627764054205,-0.10620727296418103,1,618
-0.11378146642140191,-0.08217628918440582,0.09703071823144513,0.13505137698938344,-0.1944373392314988,1,619
0.02022597578563326,0.08806870449141826,0.11011486480981439,0.19538777888829081,0.004185800681403604,1,620
0.1312133098475213,0.13626831652896787,0.1268184333863808,0.21156021350053322,-0.10749618139020747,1,621
0.18816429454872774,-0.01975332806303272,0.07187024862376235,0.2883425911701109,0.03144473353097553,1,622
0.3180876940624412,-0.043957767222307036,0.005633376725072484,0.23162307855236908,0.0721363772862942,1,623
0.2941777962901981,0.0760039457367092,-0.013106149732108493,0.22967483608479503,0.01060072607210738,1,624
0.30979174446555957,0.0649142088947665,-0.049024078678481346,0.18095075841978345,0.07523777563867809,1,625
0.251797057085294,0.23231120178731987,-0.04806348935245757,0.13791547101102458,-0.061115101567875196,1,626
0.13719661617881684,0.1711571790735866,-0.07658850443899481,0.23052306724981514,0.04251090017894282,1,627
0.2523213794927604,0.1516540656175854,-0.0655364920852366,0.19345135269033908,0.12359833351792592,1,628
0.3989687418484703,-0.10305511690017424,-0.15774940025694215,0.12484901035610588,0.1775550652081865,1,629
0.42808231014002457,-0.04028812956240059,-0.15803176787013762,0.19014213446915312,0.3240069699801457,1,630
0.4036798622531787,0.06202084712064364,-0.12543569255411469,0.12050501484553253,0.36702599054142016,1,631
0.37437318828572863,0.05285170472799579,-0.0367357308381422,-0.09123040736759366,0.13439638542704027,1,632
0.21822882681971872,0.008597884261915857,-0.045057851625866646,-0.1999565062316503,0.02770629581271669,1,633
0.11032177628538985,0.2530506108302177,0.050436187956594686,-0.2069021138363077,0.02778838559045429,1,634
-0.01563080106197856,0.024279977883158332,0.03853983608137712,-0.25983299769710977,-0.007964343418049155,1,635
-0.17408830586012847,-0.0555594646303412,0.04134641051675341,-0.1967579401737705,-0.02122132802241585,1,636
-0.2887283736898194,0.03824302807776616,-0.0036257435753495187,-0.12055077478259581,-0.05454673589150169,1,637
-0.39749428622863225,0.000886803407982438,0.015077532756880802,-0.05584194362289042,-0.11877478163250235,1,638
-0.20456696854566372,0.10150485999544097,0.0004355230060674644,0.011427254019040906,0.11729666616100926,1,639
0.01193818838720534,-0.03652085708612493,-0.04594339531251816,0.12873521393527368,-0.033957711385779854,1,640
-0.12150974378068309,-0.07966214159311089,-0.019418852401286695,0.10380789959480038,-0.11207185897207961,1,641
-0.17678001557506567,-0.13894652679541514,-0.06106407154607943,0.27284350282956127,-0.061468901911647375,1,642
-0.07042610857708524,-0.16701229458799524,-0.06303421681985234,0.18028952895208988,-0.31677075618127737,1,643
-0.20118442540416337,-0.32302231839783546,-0.16795929969905043,0.06122317224446995,-0.05952375052517195,1,644
-0.18550959963418248,-0.14551259440604275,-0.12725505489012062,0.1158688659099016,-0.13144379965235664,1,645
-0.11456354425149716,-0.050814281837701744,-0.1408168129149908,0.1455691429909077,0.01643930686449146,1,646
-0.15806245193935575,-0.155468982789146,-0.1831252119601055,0.13356559775580665,0.05462568718830618,1,647
-0.22150878979121164,-0.12949010123816423,-0.13262333471796858,0.16565732722077586,0.16978058708353844,1,648
-0.07165982759228615,-0.21019572932809402,-0.03252922407491121,0.1016437543176178,0.14745134958494616,1,649
-0.05769518222794865,-0.21988130777457668,-0.11901056017466852,0.07470490543901963,-0.08896981902416654,1,650
0.04480425957912345,-0.03521984589446536,-0.1445748424185428,0.08915092713348878,-0.05817332720011455,1,651
-0.022524639392467856,0.04751260137624158,-0.12915277442048828,0.2167331499606162,-0.02020071651754996,1,652
0.07966145779422784,0.05012705246558354,-0.07386554100281803,0.15278522787934035,0.03885444728327169,1,653
0.06014542408491158,-0.04099771688883271,-0.03189759935339223,0.18494306870129523,0.09416836583106696,1,654
0.2078274470681849,0.11008642076812256,-0.04681712192344193,0.19074465524486112,0.06287718738498677,1,655
0.18938023397282197,0.033598512741017696,0.03980444816417367,0.1950437020904662,0.03452204627969319,1,656
0.28980406776117745,-0.18850280514967613,-0.06567721535879167,0.23335511323628752,0.0640429252621768,1,657
0.28586829101113576,-0.29286699470907956,-0.058957635058254985,0.36329970134767753,0.1309073720741652,1,658
0.2742521164243034,-0.2928423365132114,-0.07161136144473408,0.14573490903647798,0.11065918636082461,1,659
0.33137521563005845,-0.4064779187532912,-0.09608884268670678,0.03419220028306205,-0.024418034163029054,1,660
0.30358585674924266,-0.553946446439145,-0.05384465964644876,0.09005561984095857,-0.07192524709959161,1,661
0.025156420075864216,-0.5704963420735122,0.01426179621625992,-0.14389115319665188,-0.18599079605669858,1,662
-0.0953592997784481,-0.40446486060400166,-0.021205316936864338,-0.09286898162223822,-0.12602487541761523,1,663
0.09779921417239872,-0.36408932588093845,0.0001415395766899523,-0.19960045234154217,0.000758296164734884,1,664
0.011968407948022383,-0.3655513434075722,-0.000987834914973379,-0.2986831411643297,-0.04730467030961983,1,665
0.10751819444572122,-0.2814252595467072,-0.08031417293411283,-0.2697590763593396,0.04574444740767265,1,666
-0.09103250159544168,-0.34668807199647256,-0.026849291977943293,-0.21308276169684254,-0.010914365978784986,1,667
0.10402022932643365,-0.2478295833463814,0.009267023581068873,0.0314776395012131,-0.061386723621387335,1,668
0.013829930031940774,-0.1678755060197109,0.03010453222078535,-0.014751684989641266,-0.1770605904526854,1,669
0.2434313792377545,-0.11000983307795198,-0.010122280715812674,0.06044045824138,-0.07358021644894566,1,670
0.19380009668219592,-0.03728107092480985,-0.07350172044149965,0.0807933749833744,0.21133386394313555,1,671
0.2210378532337074,-0.06931012066443483,-0.09003677800993179,0.037463038367926964,0.14221016481994275,1,672
0.16115341463450947,0.03271754154268708,-0.16589281980918913,0.1015528474130672,0.13504468076214005,1,673
0.18273285174059575,-0.08488888070880236,-0.07955412808961462,0.1880017740631183,0.21121718136347,1,674
0.01298408898718223,0.010756558504123284,-0.04976487833707543,0.035139843664307474,0.12757325135800107,1,675
0.048139128991790264,0.06475060211081987,-0.034930024589183595,0.05387017733573789,0.24673493838066973,1,676
0.16592860708367924,-0.23166748358407746,-0.046610349380365665,0.03369497207857586,-0.04966459577196922,1,677
0.15875405219854255,-0.07204158380541519,-0.0953455004342513,0.056226700803550786,-0.06410903280727324,1,678
0.0756874446107206,0.08650401718240062,-0.1110319313877324,0.08589422881993916,-0.14383901198823257,1,679
0.25435045628913655,0.13379365923569042,-0.1068330917537176,0.12077169987333866,-0.0976263982082276,1,680
0.3471684848354886,0.08132613280069384,-0.10421659649569322,0.06573892969256587,0.013563853050131719,1,681
0.38191869751478064,0.09471789789101205,-0.059123197846058025,0.05648929367368658,0.1694401319020701,1,682
0.3018419533707988,0.3034833973483151,-0.130424934926056,0.15002067138114608,0.38870901606996133,1,683
0.1864418774371595,0.48088824880166514,-0.06499942858766337,0.20820910464743003,0.3528936858716555,1,684
0.14607507387157592,0.3878141287774545,-0.037672967341167915,0.29323682304597587,0.3135037907108114,1,685
0.04032320417068931,0.4120847156993343,0.012905326059511849,0.3074887983258219,0.31581477547469017,1,686
0.009198070737839573,0.2573730916313762,-0.032052984599668564,0.13667819466683637,0.2475537137908939,1,687
-6.661465860374575e-05,0.17476835743369892,-0.17598756766496182,0.0191246317846141,0.3411976299499395,1,688
-0.06652255319905646,0.18461227158432825,-0.22440333104392923,0.13173486824135278,0.2709057761281093,1,689
-0.0308662582307973,0.38949841003484753,-0.12165292628918754,0.09008408566701229,0.19713579561811975,1,690
-0.06033413355967075,0.382063473377274,-0.11231578184702859,0.046753622930022956,0.3557648862534896,1,691
-0.06572170938148736,0.5547128616744148,-0.09430075983777651,0.18350112348709818,0.3504473539791334,1,692
0.03714651888160616,0.3990448272714801,-0.12567262978661392,0.19642245383497442,0.41084339200372894,1,693
0.03745751719349183,0.21054876967238836,-0.17860483252668663,0.056716622661528424,0.14895352474790724,1,694
0.0446603014188514,0.2914708463923326,-0.15784304196972468,-0.1314897188714985,0.1848709566622484,1,695
0.02391437161370555,0.4573500944560267,-0.21175877257933556,-0.14565026362613936,0.4434988611989872,1,696
0.0665207685869898,0.4450788876392652,-0.1806184980186214,-0.10032024626216007,0.472747298708307,1,697
-0.021079940160985827,0.46612291238419534,-0.2275944291006638,-0.06100917642155622,0.4347157105709134,1,698
-0.08060125496409803,0.39393594799400133,-0.2314101052418618,-0.13881408963569347,0.33883938692609966,1,699
-0.1829399930048544,0.3671253022042259,-0.26114516732045656,-0.0638100961437692,0.1962257152983219,1,700
-0.22127548526246957,0.24959616605207408,-0.16355041079825983,-0.029091587995751848,0.15244928757719575,1,701
-0.1492759926292503,0.0014375064112941427,-0.14608104098451402,0.13449145266807694,0.12130953343166452,1,702
-0.1275570764493917,0.05603471841381963,-0.08377105390065506,-0.04278977160996185,-0.08582278998113499,1,703
-0.0937722396958379,-0.02385814553800429,-0.008117264321580733,-0.062441052491484725,-0.2547681950860987,1,704
-0.21119640741065382,-0.29524702567036115,-0.018849469467136674,-0.06939444584874238,-0.25935533920237436,1,705
-0.08218886276661458,-0.13110798816813757,-0.025106954298885834,-0.23114866128655437,-0.09892232276402513,1,706
-0.018433953639095578,-0.08050263292722243,0.026979867682386256,-0.2942855830361855,0.12120379192306514,1,707
-0.11253333358937283,0.006495054731946406,-0.06062510116016768,-0.33044963222308543,0.21753181199843544,1,708
-0.12736998253052054,0.08951305703543423,-0.04150231958498525,-0.2958878325140981,0.25672788087807397,1,709
-0.1382988667426585,-0.10198771227622797,-0.07668404583237229,-0.21332707599112982,0.1532971309393126,1,710
-0.2811748050919365,-0.15912380737561388,-0.09656802779259994,-0.21483212364142096,-0.10475180866513019,1,711
-0.3158944353946907,-0.20811628479522454,-0.04640320146939198,-0.12217424268881673,-0.1468799248837791,1,712
-0.3235089714422948,-0.16290641087202953,-0.08166357266584369,-0.19803815771266586,-0.22560955130214275,1,713
-0.354639390695211,-0.2548178292204522,-0.06376096599279871,-0.1139159433073226,-0.36080887550300456,1,714
-0.3166625805040866,-0.23858873436401792,-0.039034215796822716,-0.1001419721256577,-0.4148676907894755,1,715
-0.4112352523393945,-0.19985806665091796,0.017088936086071482,-0.26425850543276247,-0.29369072060028295,1,716
-0.25114952657669076,-0.18518194427390158,0.04254838855706494,-0.28615042619832753,-0.25804463928923976,1,717
-0.38812592574983684,-0.3918389834747037,0.08458087199148091,-0.3277504650105003,-0.3566379162714667,1,718
-0.4879575585018725,-0.4740601062618857,0.06573928234777238,-0.343509080089987,-0.3494619530580866,1,719
-0.393907960753726,-0.3708661256901421,0.06978060801246187,-0.17263144328373772,-0.4544792547122158,1,720
-0.3600106512986452,-0.2019672247846619,0.12463392551786827,-0.26393044760441764,-0.4135241039195307,1,721
-0.18819747658205463,-0.12086423054705607,0.11944100602971272,-0.2470342648906159,-0.350966938836606,1,722
-0.14055582261481675,-0.127972008463446,0.10297915425392498,-0.20863191396563283,-0.33537673373257915,1,723
-0.07328730296519123,0.1826482576476129,0.0017723237771502254,-0.15558876321490217,-0.22107836824325205,1,724
-0.008218314916747113,0.15990676633325704,0.03965238362601538,-0.0413216978762625,-0.07665596921357712,1,725
0.10580874541634541,-0.09850903799559926,0.11441671248669469,-0.005944905000961162,0.023033432548874078,1,726
-0.026759703609441285,-0.16680967045679296,0.10798362169553002,-0.006535098497833252,-0.041548554343834025,1,727
0.08436778284449947,-0.31831025141855895,0.14371654067793188,-0.005022982896480767,-0.14711492892724642,1,728
-0.07118051887843951,-0.22025884686808858,0.005765163245028196,0.047501525779158754,-0.2819383760806705,1,729
-0.05871667572884816,-0.19913690357066732,0.063550251020319,0.027033913906756902,-0.28619952690835554,1,730
-0.10350527775308366,-0.041978091159600855,0.0827390693569254,-0.0073308934229744036,-0.2268666014208745,1,731
-0.24987245903632,0.0031660425994933725,-0.015180404350678925,0.05376583998884877,-0.138842813827678,1,732
0.013809966824704256,-0.10732241916286121,-0.018491860380629103,0.1906392968641435,0.0381356114634286,1,733
-0.05719223501575614,-0.06882731345108725,-0.01617286931419925,0.18841265766333742,-0.06839115513414254,1,734
-0.06040505178425398,-0.21830845396109555,-0.007475952403091237,0.19992066604085013,-0.10848173798360801,1,735
-0.2158696356643074,-0.08670899958178496,0.011647413784919826,0.11584977163946146,-0.14315821352551067,1,736
-0.34434961237606054,-0.17624366242230766,-0.016640843187127528,0.1990629663087436,-0.2261047712888043,1,737
-0.24589328520557863,-0.20363873334511948,-0.002246563962078481,0.16187314051710275,-0.10983663805632445,1,738
-0.27478509050687655,-0.33034574834359565,-0.07107442785481069,0.09827943273445877,-0.2669250109140001,1,739
-0.20628537988823376,-0.3273707025778641,0.056184830989088164,-0.05351406113199145,-0.2381786288771101,1,740
-0.2984521442499773,-0.32760523122945234,0.05651362493742479,-0.23258694317477552,-0.23725458494560864,1,741
-0.07831618359756279,-0.3238082763818938,0.0627223827852093,-0.12035690511202275,-0.23897016391352777,1,742
-0.12858058409095485,-0.5028106752967849,0.08724523282073285,-0.11376398022577158,-0.3793582004196021,1,743
-0.10306285465409001,-0.4857571096828853,0.05035449832646863,-0.05047137030772462,-0.4593618764470862,1,744
0.011974959418694836,-0.5526621595422929,0.011176888109529201,0.1099256033576058,-0.22979315651620608,1,745
0.02053786272636937,-0.5638158571610706,-0.016627953798608965,0.10149730008797277,-0.21355942964616725,1,746
0.00939698349113615,-0.48232672999532844,-0.025351354828031594,-0.02705564777466475,-0.24306413607861546,1,747
0.0999196905407072,-0.5468111502511409,-0.03178696782563173,-0.08911872786562586,-0.1890589237221448,1,748
0.051064403379954666,-0.3170501112160028,-0.002643373977043232,-0.18247754650527143,-0.08056774074369398,1,749
-0.031507222584247103,-0.3271922316713557,0.013364781905558048,-0.1980952590379969,-0.027453947901210293,1,750
-0.10580750647716193,-0.3400080521797887,-0.021057536600514362,-0.21759397523146043,0.017568234642534986,1,751
-0.032347126468415435,-0.11801244895161325,0.0948515779865101,-0.27176412100595776,-0.05153957369524509,1,752
-0.14673244548591718,-0.178071174383698,0.05196526311534542,-0.3210071752062452,-0.21377069444780677,1,753
-0.14648763878935098,-0.273032340064784,0.08783577949838561,-0.3526965254228345,0.05796299499134161,1,754
-0.1769773200068554,-0.22487572486336116,0.01252842673527757,-0.1703586364676548,0.059089132307945186,1,755
-0.12958800093255862,-0.32582462101181353,0.021558359413275274,-0.2379264974082401,0.0786659843657753,1,756
-0.03570972765398549,-0.26740702401126787,-0.10284742687868388,-0.2856693310378914,0.08933892031437748,1,757
0.08914961428372864,-0.11637898926036452,-0.1701063857653146,-0.22440813345793315,0.20703466883060578,1,758
-0.08559890370286874,-0.09971259240863349,-0.13600149955805402,-0.2192962428961406,-0.06264857244983875,1,759
-0.10960882433995474,-0.11748624657284087,-0.12708493983847524,-0.2358654453536479,-0.06801836330943603,1,760
-0.10261857014065706,-0.05561784908994362,-0.1270560852006916,-0.23797485172711383,-0.003546256192302564,1,761
-0.2844483057161095,0.00042834099619373095,-0.11183750983275655,-0.2038626388747841,0.08792027976673678,1,762
-0.45128502814932336,-0.19701929713913172,-0.08472681638664979,-0.17792984423134342,-0.02576660373748302,1,763
-0.4523692328516356,-0.10103103514426882,-0.027927656270695822,-0.11608038096514661,-0.12942775414306967,1,764
-0.6179012483279124,-0.008952759068915683,0.03651009579266732,-0.04942525848095914,-0.2802949346381598,1,765
-0.48873168412834533,0.07844312558756622,0.11006969668750152,-0.11308876881667107,-0.2791038824740833,1,766
-0.3651313106011653,0.07241766389324707,0.040994952982437605,-0.06521792606836758,-0.14932386217806037,1,767
-0.31982188990794863,0.08351350702725442,0.023140263540258582,0.06152271917780497,-0.21485249365438114,1,768
-0.34657177719353166,0.07208503232591883,0.06431113330047218,-0.06626508792287264,-0.3121462885535753,1,769
-0.5156874502476503,0.06454180000235808,0.000678506444088324,-0.08841463529433254,-0.17012210890935758,1,770
-0.52827297730117,0.07798873227634082,-0.014369809716788378,-0.023151587498354352,-0.111291713292105,1,771
-0.544639049188514,0.04942524709484443,0.03954173733525095,0.011328268496759476,-0.2993087367902297,1,772
-0.42461333815252433,-0.06644960221300605,0.10542238235307114,0.09178350077946275,-0.25255509505455875,1,773
-0.36642871999365256,-0.07738538748379714,0.126697894040704,0.05018939212116765,-0.23483396517518845,1,774
-0.24259241134234222,-0.12195823371378653,0.08068450975628479,-0.05188446731254088,-0.3241963418871043,1,775
-0.40117270135225824,-0.03068161975516559,0.16144809568966917,0.0688868289157139,-0.4676332682765111,1,776
-0.28856996406141244,0.1161312582004649,0.11923382516997567,0.06804733560867506,-0.5110158111776741,1,777
-0.23303935085760702,-0.0076444034730766,0.11490751704515431,-0.06569505179556316,-0.2906610538081238,1,778
-0.10728414822917734,-0.08481572912363187,0.04427248592921407,-0.22963653846613846,-0.22595516718924352,1,779
-0.15471512683442012,-0.22719531098989257,0.061610725433316964,-0.2357814190147124,-0.3184832546606459,1,780
-0.19470085471502283,-0.08598556044844712,0.08436428556908004,-0.21553191946267897,-0.18332010564986326,1,781
-0.2913219648821944,-0.069850716308477,0.08160668782511396,-0.22509969061242885,-0.1471649912997258,1,782
-0.34023311385842014,-0.008391038084593655,0.09940682386266489,-0.4292095212885785,-0.05723482295535143,1,783
-0.6109730590078535,-0.06873728492751714,0.13874540671203284,-0.3987952215412585,-0.3544567800163601,1,784
-0.6592494592787352,0.04426388244367241,0.026020731379156975,-0.25663255466393353,-0.30295901864550967,1,785
-0.7125640463951052,-0.02068720715314757,-0.027962973441423927,-0.15397230648893986,-0.19945050875164988,1,786
-0.8132237551431993,-0.057943337932108846,-0.06776669974566692,-0.030475109168628042,-0.36559742980239796,1,787
-0.571478469160378,-0.05258131119398628,-0.11773141609519128,-0.08069527969744864,-0.3292504192276328,1,788
-0.6417924624458908,-0.03521142854185077,-0.1649994236983605,-0.24463419003583545,-0.25915801616792,1,789
-0.75789883584309,-0.1051458010673252,-0.190654637284725,-0.28252903109324196,-0.010671793676275854,1,790
-0.676467795541824,-0.06483683000769319,-0.25659599562767277,-0.29811730774207423,-0.015898804791984564,1,791
-0.7112739072789422,0.03569497884525934,-0.28593930544740354,-0.2822713486048186,-0.07306915175574445,1,792
-0.6237144506128565,-0.033708275167072164,-0.265171270147262,-0.26446648062843103,-0.12291509970182612,1,793
-0.5128336187018595,-0.00481319640826881,-0.23778141499224895,-0.26452250482369166,0.020036728549997773,1,794
-0.4851336812130917,-0.03476094572962221,-0.20401314369877277,-0.09440764455894365,-0.13668825081189334,1,795
-0.35963462378624705,-0.2188639199939894,-0.16866790854348884,0.04387197544241751,-0.06051712582214277,1,796
-0.3066086535536431,-0.24207927887519856,-0.14687539949384246,0.01800359340263473,-0.15371147732136542,1,797
-0.3049353497457658,-0.18592927098127482,-0.16761120498111337,-0.048839419394482525,-0.2379098175779476,1,798
-0.23536931216229962,-0.10350755413737756,-0.13591483817155392,0.03472334454509348,-0.11887019682896892,1,799
